login,name,company,location,email,hireable,bio,public_repos,followers,following,created_at
michaelliao,,,,,false,,0,0,0,
daimajia,,,,,false,,0,0,0,
xiaolai,,,,,false,,0,0,0,
draveness,,,,,false,,0,0,0,
hongyangAndroid,,,,,false,,0,0,0,
haoel,,,,,false,,0,0,0,
wizardforcel,,,,,false,,0,0,0,
i5ting,,,,,false,,0,0,0,
521xueweihan,,,,,false,,0,0,0,
ityouknow,,,,,false,,0,0,0,
PKUFlyingPig,,,,,false,,0,0,0,
singwhatiwanna,,,,,false,,0,0,0,
tangqiaoboy,,,,,false,,0,0,0,
gaoxiang12,,,,,false,,0,0,0,
liuhuanyong,,,,,false,,0,0,0,
yanhaijing,,,,,false,,0,0,0,
HcySunYang,,,,,false,,0,0,0,
julycoding,,,,,false,,0,0,0,
jindongwang,,,,,false,,0,0,0,
rfyiamcool,,,,,false,,0,0,0,
Terry-Mao,,,,,false,,0,0,0,
chyyuu,,,,,false,,0,0,0,
cch123,,,,,false,,0,0,0,
rootsongjc,,,,,false,,0,0,0,
ymcui,,,,,false,,0,0,0,
dongweiming,,,,,false,,0,0,0,
zce,,,,,false,,0,0,0,
wu-sheng,,,,,false,,0,0,0,
sunnyxx,,,,,false,,0,0,0,
wangfupeng1988,,,,,false,,0,0,0,
